{
	"ambientocclusion": false,
	"textures": {
		"particle": "#flowerbed"
	},
	"elements": [
		{
			"from": [8, 2.5, 0],
			"to": [16, 2.5, 8],
			"rotation": {"angle": 0, "axis": "y", "origin": [8, 0, 8]},
			"faces": {
				"up": {"uv": [8, 0, 16, 8], "texture": "#flowerbed"},
				"down": {"uv": [8, 8, 16, 0], "texture": "#flowerbed"}
			}
		},
		{
			"from": [10.5, 0, 0.75],
			"to": [10.5, 2.5, 2.25],
			"rotation": {"angle": -45, "axis": "y", "origin": [10.5, 0, 1.5]},
			"faces": {
				"east": {"uv": [15, 12, 13, 16], "texture": "#stem", "tintindex": 1},
				"west": {"uv": [13, 12, 15, 16], "texture": "#stem", "tintindex": 1}
			}
		},
		{
			"from": [9.75, 0, 1.5],
			"to": [11.25, 2.5, 1.5],
			"rotation": {"angle": -45, "axis": "y", "origin": [10.5, 0, 1.5]},
			"faces": {
				"north": {"uv": [1, 12, 3, 16], "texture": "#stem", "tintindex": 1},
				"south": {"uv": [3, 12, 1, 16], "texture": "#stem", "tintindex": 1}
			}
		},
		{
			"from": [14, 0, 2.25],
			"to": [14, 2.5, 3.75],
			"rotation": {"angle": -45, "axis": "y", "origin": [14, 0, 3]},
			"faces": {
				"east": {"uv": [15, 4, 13, 8], "texture": "#stem", "tintindex": 1},
				"west": {"uv": [13, 4, 15, 8], "texture": "#stem", "tintindex": 1}
			}
		},
		{
			"from": [13.25, 0, 3],
			"to": [14.75, 2.5, 3],
			"rotation": {"angle": -45, "axis": "y", "origin": [14, 0, 3]},
			"faces": {
				"north": {"uv": [1, 4, 3, 8], "texture": "#stem", "tintindex": 1},
				"south": {"uv": [3, 4, 1, 8], "texture": "#stem", "tintindex": 1}
			}
		},
		{
			"from": [11, 0, 5.25],
			"to": [11, 2.5, 6.75],
			"rotation": {"angle": -45, "axis": "y", "origin": [11, 0, 6]},
			"faces": {
				"east": {"uv": [7, 4, 5, 8], "texture": "#stem", "tintindex": 1},
				"west": {"uv": [5, 4, 7, 8], "texture": "#stem", "tintindex": 1}
			}
		},
		{
			"from": [10.25, 0, 6],
			"to": [11.75, 2.5, 6],
			"rotation": {"angle": -45, "axis": "y", "origin": [11, 0, 6]},
			"faces": {
				"north": {"uv": [9, 4, 11, 8], "texture": "#stem", "tintindex": 1},
				"south": {"uv": [11, 4, 9, 8], "texture": "#stem", "tintindex": 1}
			}
		}
	]
}