{
	"ambientocclusion": false,
	"textures": {
		"particle": "#flowerbed"
	},
	"elements": [
		{
			"from": [8, 1, 0],
			"to": [16, 1, 8],
			"rotation": {"angle": 0, "axis": "y", "origin": [8, 0, 8]},
			"faces": {
				"up": {"uv": [8, 0, 16, 8], "rotation": 90, "texture": "#flowerbed"},
				"down": {"uv": [16, 0, 8, 8], "rotation": 90, "texture": "#flowerbed"}
			}
		},
		{
			"from": [14.5, 0, 1.75],
			"to": [14.5, 1, 3.25],
			"rotation": {"angle": -45, "axis": "y", "origin": [14.5, 0, 2.5]},
			"faces": {
				"east": {"uv": [15, 12, 13, 16], "texture": "#stem", "tintindex": 1},
				"west": {"uv": [13, 12, 15, 16], "texture": "#stem", "tintindex": 1}
			}
		},
		{
			"from": [13.75, 0, 2.5],
			"to": [15.25, 1, 2.5],
			"rotation": {"angle": -45, "axis": "y", "origin": [14.5, 0, 2.5]},
			"faces": {
				"north": {"uv": [1, 12, 3, 16], "texture": "#stem", "tintindex": 1},
				"south": {"uv": [3, 12, 1, 16], "texture": "#stem", "tintindex": 1}
			}
		},
		{
			"from": [13, 0, 5.25],
			"to": [13, 1, 6.75],
			"rotation": {"angle": -45, "axis": "y", "origin": [13, 0, 6]},
			"faces": {
				"east": {"uv": [15, 4, 13, 8], "texture": "#stem", "tintindex": 1},
				"west": {"uv": [13, 4, 15, 8], "texture": "#stem", "tintindex": 1}
			}
		},
		{
			"from": [12.25, 0, 6],
			"to": [13.75, 1, 6],
			"rotation": {"angle": -45, "axis": "y", "origin": [13, 0, 6]},
			"faces": {
				"north": {"uv": [1, 4, 3, 8], "texture": "#stem", "tintindex": 1},
				"south": {"uv": [3, 4, 1, 8], "texture": "#stem", "tintindex": 1}
			}
		},
		{
			"from": [10, 0, 2.25],
			"to": [10, 1, 3.75],
			"rotation": {"angle": -45, "axis": "y", "origin": [10, 0, 3]},
			"faces": {
				"east": {"uv": [7, 4, 5, 8], "texture": "#stem", "tintindex": 1},
				"west": {"uv": [5, 4, 7, 8], "texture": "#stem", "tintindex": 1}
			}
		},
		{
			"from": [9.25, 0, 3],
			"to": [10.75, 1, 3],
			"rotation": {"angle": -45, "axis": "y", "origin": [10, 0, 3]},
			"faces": {
				"north": {"uv": [9, 4, 11, 8], "texture": "#stem", "tintindex": 1},
				"south": {"uv": [11, 4, 9, 8], "texture": "#stem", "tintindex": 1}
			}
		}
	]
}