{
	"ambientocclusion": false,
	"textures": {
		"particle": "#flowerbed"
	},
	"elements": [
		{
			"from": [0, 3, 8],
			"to": [8, 3, 16],
			"rotation": {"angle": 0, "axis": "y", "origin": [8, 0, 8]},
			"faces": {
				"up": {"uv": [0, 8, 8, 16], "texture": "#flowerbed"},
				"down": {"uv": [0, 16, 8, 8], "texture": "#flowerbed"}
			}
		},
		{
			"from": [5.75, 0, 10.5],
			"to": [7.25, 3, 10.5],
			"rotation": {"angle": -45, "axis": "y", "origin": [6.5, 0, 10.5]},
			"faces": {
				"north": {"uv": [5, 12, 7, 16], "texture": "#stem", "tintindex": 1},
				"south": {"uv": [7, 12, 5, 16], "texture": "#stem", "tintindex": 1}
			}
		},
		{
			"from": [6.5, 0, 9.75],
			"to": [6.5, 3, 11.25],
			"rotation": {"angle": -45, "axis": "y", "origin": [6.5, 0, 10.5]},
			"faces": {
				"east": {"uv": [11, 12, 9, 16], "texture": "#stem", "tintindex": 1},
				"west": {"uv": [9, 12, 11, 16], "texture": "#stem", "tintindex": 1}
			}
		},
		{
			"from": [1.25, 0, 11],
			"to": [2.75, 3, 11],
			"rotation": {"angle": -45, "axis": "y", "origin": [2, 0, 11]},
			"faces": {
				"north": {"uv": [5, 4, 7, 8], "texture": "#stem", "tintindex": 1},
				"south": {"uv": [7, 4, 5, 8], "texture": "#stem", "tintindex": 1}
			}
		},
		{
			"from": [2, 0, 10.25],
			"to": [2, 3, 11.75],
			"rotation": {"angle": -45, "axis": "y", "origin": [2, 0, 11]},
			"faces": {
				"east": {"uv": [11, 4, 9, 8], "texture": "#stem", "tintindex": 1},
				"west": {"uv": [9, 4, 11, 8], "texture": "#stem", "tintindex": 1}
			}
		},
		{
			"from": [4.25, 0, 14],
			"to": [5.75, 3, 14],
			"rotation": {"angle": -45, "axis": "y", "origin": [5, 0, 14]},
			"faces": {
				"north": {"uv": [13, 4, 15, 8], "texture": "#stem", "tintindex": 1},
				"south": {"uv": [15, 4, 13, 8], "texture": "#stem", "tintindex": 1}
			}
		},
		{
			"from": [5, 0, 13.25],
			"to": [5, 3, 14.75],
			"rotation": {"angle": -45, "axis": "y", "origin": [5, 0, 14]},
			"faces": {
				"east": {"uv": [3, 4, 1, 8], "texture": "#stem", "tintindex": 1},
				"west": {"uv": [1, 4, 3, 8], "texture": "#stem", "tintindex": 1}
			}
		}
	]
}